{
  "spearman_r": 0.7443533242941831,
  "struct_sAER_off": 2.195582998878425,
  "weak_sAER_off": 1.0777427261378443,
  "nonB_sAER_off": 1.9744526141120544
}